Marker,Allele,LUS,CA_BSR,CA_FSR,CA_DSR
D3S1358,11,8,,,
D3S1358,12,10,,,
D3S1358,13,10.33333333,,,
D3S1358,14,11.15469613,,,
D3S1358,15,12.21394612,,,
D3S1358,15.2,11,,,
D3S1358,16,12.94709898,,,
D3S1358,17,13.58628842,,,
D3S1358,18,14.10502283,,,
D3S1358,19,15,,,
D3S1358,20,16.5,,,
vWA,11,7,,,
vWA,12,7,,,
vWA,13,8.285714286,,,
vWA,14,5.237373737,,,
vWA,15,10.40860215,,,
vWA,16,11.17610063,,,
vWA,17,12.08103131,,,
vWA,18,13.0080429,,,
vWA,19,13.86503067,,,
vWA,20,14.75,,,
vWA,21,15,,,
D16S539,5,5,,,
D16S539,7,7,,,
D16S539,8,8,,,
D16S539,9,8.997032641,,,
D16S539,10,9.977678571,,,
D16S539,11,11,,,
D16S539,12,12,,,
D16S539,13,13,,,
D16S539,14,14,,,
D16S539,15,15,,,
CSF1PO,6,5.833333333,,,
CSF1PO,7,6.916666667,,,
CSF1PO,8,8,,,
CSF1PO,9,9,,,
CSF1PO,10,9.997920998,,,
CSF1PO,11,10.98589065,,,
CSF1PO,12,11.98879552,,,
CSF1PO,13,13,,,
CSF1PO,14,14,,,
CSF1PO,15,15,,,
TPOX,5,5,,,
TPOX,6,6,,,
TPOX,7,7,,,
TPOX,8,8,,,
TPOX,9,9,,,
TPOX,10,10,,,
TPOX,11,10.99802372,,,
TPOX,12,12,,,
TPOX,13,13,,,
D8S1179,8,8,0,,
D8S1179,9,9,0,,
D8S1179,10,10,0,,
D8S1179,11,10.75539568,0.913669065,,
D8S1179,12,11.37414966,1.537414966,,
D8S1179,13,11.32014388,1.325539568,,
D8S1179,14,11.98553719,1.98553719,,
D8S1179,15,12.26804124,2.268041237,,
D8S1179,16,13.05940594,3.059405941,,
D8S1179,17,14.125,4.125,,
D8S1179,18,14.75,4.75,,
D21S11,24.2,9,3,,
D21S11,25.2,9,3,,
D21S11,26,8,2,,
D21S11,26.2,10,4,,
D21S11,27,8.9375,2.95,,
D21S11,28,9.923753666,3.929618768,,
D21S11,28.2,8,2,,
D21S11,29,10.59574468,4.654846336,,
D21S11,29.2,9.333333333,3.333333333,,
D21S11,29.3,7,1,,
D21S11,30,11.19883041,5.226120858,,
D21S11,30.2,10.31111111,4.311111111,,
D21S11,30.3,6,0,,
D21S11,31,11.86746988,5.993975904,,
D21S11,31.2,11.1625,5.1625,,
D21S11,32,12.62068966,6.75862069,,
D21S11,32.2,11.98941799,5.989417989,,
D21S11,33,13.22222222,8,,
D21S11,33.1,6,0,,
D21S11,33.2,12.98529412,7.014705882,,
D21S11,34,10.6,8.8,,
D21S11,34.2,14,8,,
D21S11,35,8.75,3.875,,
D21S11,36,11.28571429,9.428571429,,
D21S11,37,11.5,11.5,,
D21S11,38,12,12,,
D21S11,39,13,13,,
D18S51,9,9,,,
D18S51,10,10,,,
D18S51,11,11,,,
D18S51,12,12,,,
D18S51,13,13,,,
D18S51,13.2,13,,,
D18S51,14,13.93283582,,,
D18S51,14.2,14,,,
D18S51,15,14.98843931,,,
D18S51,15.2,15,,,
D18S51,16,16,,,
D18S51,16.2,16,,,
D18S51,17,17,,,
D18S51,18,18,,,
D18S51,19,19,,,
D18S51,20,19.78378378,,,
D18S51,21,21,,,
D18S51,21.2,20,,,
D18S51,22,22,,,
D18S51,23,23,,,
D18S51,24,24,,,
D18S51,28,28,,,
D2S441,8,8,,,
D2S441,8.1,8,,,
D2S441,9,9,,,
D2S441,9.1,9,,,
D2S441,10,8.70783848,,,
D2S441,11,10.83829787,,,
D2S441,11.3,7.01980198,,,
D2S441,12,11.90291262,,,
D2S441,12.3,8,,,
D2S441,13,10.53731343,,,
D2S441,13.3,8,,,
D2S441,14,11,,,
D2S441,14.3,11,,,
D2S441,15,12,,,
D2S441,16,13,,,
D2S441,17,14,,,
D19S433,9,7,,,
D19S433,10,8,,,
D19S433,10.2,9,,,
D19S433,11,9,,,
D19S433,12,10,,,
D19S433,12.2,10.45945946,,,
D19S433,13,11,,,
D19S433,13.2,12,,,
D19S433,14,11.9952381,,,
D19S433,14.2,13,,,
D19S433,15,13,,,
D19S433,15.2,14,,,
D19S433,16,14,,,
D19S433,16.2,15,,,
D19S433,17,15,,,
D19S433,17.2,15.875,,,
D19S433,18,16,,,
D19S433,18.2,17,,,
TH01,5,5,,,
TH01,6,6,,,
TH01,7,7,,,
TH01,8,8,,,
TH01,8.3,5,,,
TH01,9,8.997142857,,,
TH01,9.3,6,,,
TH01,10,10,,,
TH01,11,11,,,
FGA,16.2,9,,,
FGA,17,9,,,
FGA,17.2,10,,,
FGA,18,10,,,
FGA,18.2,11,,,
FGA,19,11,,,
FGA,19.2,12,,,
FGA,20,12,,,
FGA,21,13,,,
FGA,21.2,14,,,
FGA,22,13.98533007,,,
FGA,22.2,15,,,
FGA,22.3,13,,,
FGA,23,14.9628483,,,
FGA,23.2,15,,,
FGA,24,16,,,
FGA,24.2,17,,,
FGA,25,16.97115385,,,
FGA,25.2,18,,,
FGA,26,17.25490196,,,
FGA,27,16.2195122,,,
FGA,28,14.54545455,,,
FGA,29,16.2,,,
FGA,30,16,,,
FGA,30.2,14,,,
FGA,31.2,15,,,
FGA,43.2,13,,,
D22S1045,8,5,,,
D22S1045,10,7,,,
D22S1045,11,8,,,
D22S1045,12,9,,,
D22S1045,13,10,,,
D22S1045,14,11,,,
D22S1045,15,11.99097744,,,
D22S1045,16,13,,,
D22S1045,17,14,,,
D22S1045,18,15,,,
D22S1045,19,16,,,
D22S1045,20,17,,,
D5S818,7,7,,,
D5S818,8,8,,,
D5S818,9,9,,,
D5S818,10,10,,,
D5S818,11,11,,,
D5S818,12,12,,,
D5S818,13,12.77514793,,,
D5S818,14,13.65217391,,,
D5S818,15,14,,,
D13S317,7,6.965945946,,,
D13S317,8,8.01,,,
D13S317,9,9.054054054,,,
D13S317,10,10.00819672,,,
D13S317,11,10.99667774,,,
D13S317,12,11.99208861,,,
D13S317,13,13,,,
D13S317,14,14,,,
D13S317,15,15,,,
D7S820,6,6,,,
D7S820,7,7,,,
D7S820,8,8,,,
D7S820,8.1,8,,,
D7S820,9,9,,,
D7S820,10,9.998363339,,,
D7S820,10.3,11,,,
D7S820,11,10.98971193,,,
D7S820,12,12,,,
D7S820,13,13,,,
D7S820,14,14,,,
SE33,6.3,10,2,,
SE33,7,7,0,,
SE33,10.2,14,6,,
SE33,11,11,3,,
SE33,11.2,15.5,7.5,,
SE33,12,12,4,,
SE33,12.2,16,8,,
SE33,13,13,5,,
SE33,13.2,17,9,,
SE33,14,14.01515152,6.015151515,,
SE33,14.2,16.71428571,8.714285714,,
SE33,15,15,7,,
SE33,15.2,19,11,,
SE33,16,15.97959184,7.979591837,,
SE33,16.2,14,6,,
SE33,16.3,17,9,,
SE33,17,17.00649351,9.006493506,,
SE33,17.2,14,6,,
SE33,17.3,14,6,,
SE33,18,17.995,9.995,,
SE33,18.2,12.08333333,4.5,,
SE33,18.3,19,11,,
SE33,19,18.99481865,10.99481865,,
SE33,19.2,10.16666667,3,,
SE33,20,19.92666667,11.92666667,,
SE33,20.2,10.85714286,4,,
SE33,21,20.88405797,12.88405797,,
SE33,21.2,11.24324324,5,,
SE33,22,21.56666667,13.63333333,,
SE33,22.2,13.22916667,6.4375,,
SE33,23,22.77777778,14.77777778,,
SE33,23.2,13.17241379,7.275862069,,
SE33,24,16,11,,
SE33,24.2,14.23404255,8.085106383,,
SE33,25,16,9.5,,
SE33,25.2,15.18309859,9.14084507,,
SE33,26,16,8,,
SE33,26.2,16.25,10.175,,
SE33,27,17,9,,
SE33,27.2,16.89171975,11.1910828,,
SE33,27.3,19,11,,
SE33,28,15.66666667,8,,
SE33,28.2,17.40458015,12.05343511,,
SE33,28.3,15,11,,
SE33,29,14.33333333,7,,
SE33,29.2,17.93069307,13.05940594,,
SE33,30,13,6,,
SE33,30.2,18.02564103,14.03846154,,
SE33,31,14.33333333,9.333333333,,
SE33,31.2,19.12820513,15.05128205,,
SE33,32,12,7,,
SE33,32.2,19.73684211,15.57894737,,
SE33,33,12.5,8,,
SE33,33.2,19.85714286,16.14285714,,
SE33,34,12.375,9,,
SE33,34.2,24,19,,
SE33,36,13,11,,
D10S1248,8,8,,,
D10S1248,9,9,,,
D10S1248,10,10,,,
D10S1248,11,11,,,
D10S1248,12,12,,,
D10S1248,13,12.9930192,,,
D10S1248,14,14,,,
D10S1248,15,15,,,
D10S1248,16,16,,,
D10S1248,17,17,,,
D10S1248,18,18,,,
D10S1248,19,19,,,
D1S1656,10,9.866666667,,,
D1S1656,10.2,10.94339623,,,
D1S1656,11,10.94339623,,,
D1S1656,12,11.45251397,,,
D1S1656,12.2,12.6142132,,,
D1S1656,13,12.6142132,,,
D1S1656,13.2,13.20333333,,,
D1S1656,14,13.20333333,,,
D1S1656,14.2,14.12835821,,,
D1S1656,14.3,9.888888889,,,
D1S1656,15,14.12835821,,,
D1S1656,15.2,15.04067797,,,
D1S1656,15.3,10.3255814,,,
D1S1656,16,15.04067797,,,
D1S1656,16.2,16.01149425,,,
D1S1656,16.3,11.0212766,,,
D1S1656,17,16.01149425,,,
D1S1656,17.1,12.00460829,,,
D1S1656,17.3,12.00460829,,,
D1S1656,18,17,,,
D1S1656,18.1,13,,,
D1S1656,18.3,13,,,
D1S1656,19.3,14,,,
D12S391,14,7,0,,
D12S391,15,8.047619048,0,,
D12S391,16,9.226190476,0.30952381,,
D12S391,17,10.12790698,1.127906977,,
D12S391,17.1,9,0,,
D12S391,17.3,8,0,,
D12S391,18,10.95601852,1.956018519,,
D12S391,18.1,10,1,,
D12S391,18.3,9,0,,
D12S391,19,11.72611465,2.72611465,,
D12S391,19.1,11,2,,
D12S391,19.3,9.3,0.7,,
D12S391,20,12.21755725,3.217557252,,
D12S391,20.1,12,3,,
D12S391,20.3,8,0,,
D12S391,21,12.54545455,3.598086124,,
D12S391,22,13.03649635,4.189781022,,
D12S391,22.2,9,0,,
D12S391,23,13.73529412,4.921568627,,
D12S391,24,14.67924528,5.924528302,,
D12S391,24.3,12,3,,
D12S391,25,15.58333333,6.708333333,,
D12S391,26,16.71428571,7.857142857,,
D12S391,27,17.6,8.6,,
D2S1338,15,10,11,,
D2S1338,16,10.72289157,12,,
D2S1338,17,11.03741497,13,,
D2S1338,18,11.70547945,13.95890411,,
D2S1338,19,12.22077922,14.95779221,,
D2S1338,20,12.52363636,15.45454545,,
D2S1338,21,12.67391304,15.65217391,,
D2S1338,22,12.82692308,15.76923077,,
D2S1338,23,13.22040816,16.18367347,,
D2S1338,24,14.08955224,17.01492537,,
D2S1338,25,14.94797688,18,,
D2S1338,26,15.9787234,19,,
D2S1338,27,16.75,20,,
