Sample Name,Marker,Allele 1,Allele 2
11-001,D3S1358,16,
11-001,vWA,17,18
11-001,D16S539,9,12
11-001,CSF1PO,9,11
11-001,TPOX,8,11
11-001,Yindel,1,
11-001,AMEL,X,Y
11-001,D8S1179,11,
11-001,D21S11,29,31
11-001,D18S51,13,16
11-001,DYS391,10,
11-001,D2S441,10,11
11-001,D19S433,14,
11-001,TH01,6,9
11-001,FGA,21,22.2
11-001,D22S1045,11,15
11-001,D5S818,9,10
11-001,D13S317,8,
11-001,D7S820,10,11
11-001,SE33,17,27.2
11-001,D10S1248,13,15
11-001,D1S1656,16,17
11-001,D12S391,18,21
11-001,D2S1338,19,21
11-002,D3S1358,15,
11-002,vWA,15,16
11-002,D16S539,9,10
11-002,CSF1PO,10,11
11-002,TPOX,8,11
11-002,Yindel,2,
11-002,AMEL,X,Y
11-002,D8S1179,11,14
11-002,D21S11,28.2,30
11-002,D18S51,13,14
11-002,DYS391,10,
11-002,D2S441,12,15
11-002,D19S433,13,15
11-002,TH01,9,
11-002,FGA,23,25
11-002,D22S1045,16,17
11-002,D5S818,11,
11-002,D13S317,10,11
11-002,D7S820,9,11
11-002,SE33,25.2,27.2
11-002,D10S1248,13,
11-002,D1S1656,11,16
11-002,D12S391,18,22
11-002,D2S1338,23,24
11-003,D3S1358,15,16
11-003,vWA,18,19
11-003,D16S539,9,
11-003,CSF1PO,10,
11-003,TPOX,8,11
11-003,Yindel,1,
11-003,AMEL,X,Y
11-003,D8S1179,13,14
11-003,D21S11,30,
11-003,D18S51,14,22
11-003,DYS391,10,
11-003,D2S441,12,14
11-003,D19S433,12,13
11-003,TH01,6,8
11-003,FGA,22,
11-003,D22S1045,15,17
11-003,D5S818,11,13
11-003,D13S317,8,12
11-003,D7S820,11,12
11-003,SE33,15,18
11-003,D10S1248,13,14
11-003,D1S1656,15,17.3
11-003,D12S391,18,19.3
11-003,D2S1338,20,
11-004,D3S1358,16,17
11-004,vWA,15,17
11-004,D16S539,12,13
11-004,CSF1PO,10,12
11-004,TPOX,8,11
11-004,Yindel,1,
11-004,AMEL,X,Y
11-004,D8S1179,13,15
11-004,D21S11,30,32.2
11-004,D18S51,15,
11-004,DYS391,10,
11-004,D2S441,9.1,13
11-004,D19S433,13,14.2
11-004,TH01,7,9
11-004,FGA,21,24
11-004,D22S1045,11,16
11-004,D5S818,11,13
11-004,D13S317,8,10
11-004,D7S820,10,13
11-004,SE33,26.2,27.2
11-004,D10S1248,13,
11-004,D1S1656,15,
11-004,D12S391,18,19
11-004,D2S1338,18,21
11-005,D3S1358,15,16
11-005,vWA,14,16
11-005,D16S539,9,10
11-005,CSF1PO,13,15
11-005,TPOX,8,9
11-005,Yindel,2,
11-005,AMEL,X,Y
11-005,D8S1179,12,13
11-005,D21S11,29,31
11-005,D18S51,15,17
11-005,DYS391,10,
11-005,D2S441,12,14
11-005,D19S433,13,14
11-005,TH01,7,9
11-005,FGA,22,25
11-005,D22S1045,15,19
11-005,D5S818,10,13
11-005,D13S317,8,10
11-005,D7S820,11,12
11-005,SE33,21,26.2
11-005,D10S1248,13,14
11-005,D1S1656,13,14
11-005,D12S391,19,23
11-005,D2S1338,23,24
11-006,D3S1358,15,17
11-006,vWA,16,19
11-006,D16S539,9,10
11-006,CSF1PO,10,12
11-006,TPOX,11,
11-006,Yindel,1,
11-006,AMEL,X,Y
11-006,D8S1179,12,15
11-006,D21S11,32.2,
11-006,D18S51,17,
11-006,DYS391,10,
11-006,D2S441,10,11
11-006,D19S433,12,13.2
11-006,TH01,8,9
11-006,FGA,23,24
11-006,D22S1045,11,17
11-006,D5S818,10,13
11-006,D13S317,8,11
11-006,D7S820,11,13
11-006,SE33,19,29.2
11-006,D10S1248,13,14
11-006,D1S1656,15,16
11-006,D12S391,17,22
11-006,D2S1338,17,23
11-007,D3S1358,16,
11-007,vWA,16,18
11-007,D16S539,12,13
11-007,CSF1PO,10,
11-007,TPOX,8,11
11-007,Yindel,2,
11-007,AMEL,X,Y
11-007,D8S1179,13,
11-007,D21S11,32.2,
11-007,D18S51,15,16
11-007,DYS391,10,
11-007,D2S441,12,14
11-007,D19S433,13,15.2
11-007,TH01,7,
11-007,FGA,23,
11-007,D22S1045,15,16
11-007,D5S818,10,12
11-007,D13S317,10,11
11-007,D7S820,11,
11-007,SE33,21,
11-007,D10S1248,14,15
11-007,D1S1656,13,17.3
11-007,D12S391,21,22
11-007,D2S1338,21,26
11-008,D3S1358,15,
11-008,vWA,16,17
11-008,D16S539,10,12
11-008,CSF1PO,11,12
11-008,TPOX,8,
11-008,Yindel,2,
11-008,AMEL,X,Y
11-008,D8S1179,12,14
11-008,D21S11,29,
11-008,D18S51,17,
11-008,DYS391,10,
11-008,D2S441,11,12
11-008,D19S433,13,
11-008,TH01,6,7
11-008,FGA,22,24
11-008,D22S1045,17,
11-008,D5S818,11,13
11-008,D13S317,10,11
11-008,D7S820,11,12
11-008,SE33,21,25.2
11-008,D10S1248,13,15
11-008,D1S1656,16,19.3
11-008,D12S391,20,
11-008,D2S1338,23,25
11-009,D3S1358,15,
11-009,vWA,14,
11-009,D16S539,11,13
11-009,CSF1PO,12,
11-009,TPOX,9,
11-009,Yindel,1,
11-009,AMEL,X,Y
11-009,D8S1179,13,16
11-009,D21S11,32.2,
11-009,D18S51,14,
11-009,DYS391,10,
11-009,D2S441,11,14
11-009,D19S433,12,14
11-009,TH01,7,9
11-009,FGA,22,24
11-009,D22S1045,11,15
11-009,D5S818,11,13
11-009,D13S317,11,12
11-009,D7S820,11,13
11-009,SE33,18,22
11-009,D10S1248,15,
11-009,D1S1656,13,15
11-009,D12S391,18,
11-009,D2S1338,19,20
11-010,D3S1358,15,17
11-010,vWA,16,18
11-010,D16S539,9,12
11-010,CSF1PO,12,
11-010,TPOX,8,
11-010,Yindel,2,
11-010,AMEL,X,Y
11-010,D8S1179,14,
11-010,D21S11,30,32.2
11-010,D18S51,16,
11-010,DYS391,9,
11-010,D2S441,11,12
11-010,D19S433,12,13
11-010,TH01,6,
11-010,FGA,23,26
11-010,D22S1045,16,17
11-010,D5S818,12,
11-010,D13S317,8,
11-010,D7S820,9,11
11-010,SE33,23,30.2
11-010,D10S1248,13,15
11-010,D1S1656,16.3,17
11-010,D12S391,17,21
11-010,D2S1338,19,26
11-011,D3S1358,15,16
11-011,vWA,17,19
11-011,D16S539,9,
11-011,CSF1PO,10,11
11-011,TPOX,8,
11-011,Yindel,1,
11-011,AMEL,X,Y
11-011,D8S1179,11,14
11-011,D21S11,29,31.2
11-011,D18S51,15,16
11-011,DYS391,10,
11-011,D2S441,10,14
11-011,D19S433,14,
11-011,TH01,6,9
11-011,FGA,21,23
11-011,D22S1045,15,16
11-011,D5S818,11,13
11-011,D13S317,10,11
11-011,D7S820,11,
11-011,SE33,18,28.2
11-011,D10S1248,13,15
11-011,D1S1656,13,16
11-011,D12S391,20,21
11-011,D2S1338,18,19
11-012,D3S1358,15,
11-012,vWA,14,17
11-012,D16S539,9,12
11-012,CSF1PO,9,12
11-012,TPOX,8,9
11-012,Yindel,2,
11-012,AMEL,X,Y
11-012,D8S1179,11,14
11-012,D21S11,31,32.2
11-012,D18S51,14,15
11-012,DYS391,10,
11-012,D2S441,10,
11-012,D19S433,14,14.2
11-012,TH01,8,9.3
11-012,FGA,22,24
11-012,D22S1045,11,15
11-012,D5S818,11,13
11-012,D13S317,8,11
11-012,D7S820,10,12
11-012,SE33,17,30.2
11-012,D10S1248,13,16
11-012,D1S1656,13,
11-012,D12S391,18,22
11-012,D2S1338,17,24
11-013,D3S1358,17,18
11-013,vWA,17,19
11-013,D16S539,9,10
11-013,CSF1PO,10,11
11-013,TPOX,8,
11-013,Yindel,2,
11-013,AMEL,X,Y
11-013,D8S1179,13,
11-013,D21S11,30,31.2
11-013,D18S51,15,16
11-013,DYS391,10,
11-013,D2S441,10,12
11-013,D19S433,13.2,15
11-013,TH01,7,9
11-013,FGA,18,21
11-013,D22S1045,11,17
11-013,D5S818,9,10
11-013,D13S317,8,12
11-013,D7S820,12,
11-013,SE33,20,23.2
11-013,D10S1248,14,15
11-013,D1S1656,15,16
11-013,D12S391,19,21
11-013,D2S1338,18,23
11-014,D3S1358,16,17
11-014,vWA,15,17
11-014,D16S539,9,
11-014,CSF1PO,11,12
11-014,TPOX,8,
11-014,Yindel,2,
11-014,AMEL,X,Y
11-014,D8S1179,13,16
11-014,D21S11,30,
11-014,D18S51,13,15
11-014,DYS391,10,
11-014,D2S441,11,
11-014,D19S433,14,14.2
11-014,TH01,7,9
11-014,FGA,24,25
11-014,D22S1045,11,16
11-014,D5S818,11,
11-014,D13S317,8,10
11-014,D7S820,10,
11-014,SE33,26.2,29.2
11-014,D10S1248,13,16
11-014,D1S1656,14,15
11-014,D12S391,19,25
11-014,D2S1338,22,24
11-015,D3S1358,14,17
11-015,vWA,18,
11-015,D16S539,12,
11-015,CSF1PO,11,12
11-015,TPOX,8,
11-015,Yindel,,
11-015,AMEL,X,
11-015,D8S1179,14,15
11-015,D21S11,29,
11-015,D18S51,14,16
11-015,DYS391,,
11-015,D2S441,11,12
11-015,D19S433,14,
11-015,TH01,6,9
11-015,FGA,20,23
11-015,D22S1045,15,
11-015,D5S818,11,13
11-015,D13S317,8,11
11-015,D7S820,11,12
11-015,SE33,27.2,
11-015,D10S1248,14,15
11-015,D1S1656,16,
11-015,D12S391,19,
11-015,D2S1338,19,26
11-016,D3S1358,17,18
11-016,vWA,16,17
11-016,D16S539,9,
11-016,CSF1PO,9,12
11-016,TPOX,11,
11-016,Yindel,,
11-016,AMEL,X,
11-016,D8S1179,13,
11-016,D21S11,29,30
11-016,D18S51,14,
11-016,DYS391,,
11-016,D2S441,12,14
11-016,D19S433,13,13.2
11-016,TH01,6,9
11-016,FGA,19,22
11-016,D22S1045,16,18
11-016,D5S818,9,13
11-016,D13S317,8,9
11-016,D7S820,9,10
11-016,SE33,18,24.2
11-016,D10S1248,14,15
11-016,D1S1656,14,17
11-016,D12S391,18,19
11-016,D2S1338,19,20
11-017,D3S1358,15,16
11-017,vWA,17,18
11-017,D16S539,10,
11-017,CSF1PO,11,
11-017,TPOX,8,11
11-017,Yindel,,
11-017,AMEL,X,
11-017,D8S1179,13,14
11-017,D21S11,30,
11-017,D18S51,12,16
11-017,DYS391,,
11-017,D2S441,11,12
11-017,D19S433,14,16.2
11-017,TH01,7,9
11-017,FGA,24,
11-017,D22S1045,11,17
11-017,D5S818,9,11
11-017,D13S317,8,11
11-017,D7S820,10,
11-017,SE33,15,22.2
11-017,D10S1248,13,
11-017,D1S1656,15,16
11-017,D12S391,18,20
11-017,D2S1338,20,23
11-018,D3S1358,15,16
11-018,vWA,17,19
11-018,D16S539,10,
11-018,CSF1PO,11,12
11-018,TPOX,8,
11-018,Yindel,,
11-018,AMEL,X,
11-018,D8S1179,13,14
11-018,D21S11,31.2,32.2
11-018,D18S51,12,15
11-018,DYS391,,
11-018,D2S441,11,12
11-018,D19S433,14,14.2
11-018,TH01,7,
11-018,FGA,20,22
11-018,D22S1045,16,17
11-018,D5S818,10,13
11-018,D13S317,8,10
11-018,D7S820,8,12
11-018,SE33,20,28.2
11-018,D10S1248,13,14
11-018,D1S1656,12,16
11-018,D12S391,19,21
11-018,D2S1338,18,20
11-019,D3S1358,17,19
11-019,vWA,14,19
11-019,D16S539,9,13
11-019,CSF1PO,10,12
11-019,TPOX,8,11
11-019,Yindel,,
11-019,AMEL,X,
11-019,D8S1179,12,15
11-019,D21S11,30,32.2
11-019,D18S51,14,18
11-019,DYS391,,
11-019,D2S441,10,12
11-019,D19S433,13,14
11-019,TH01,7,9.3
11-019,FGA,23,
11-019,D22S1045,17,
11-019,D5S818,10,12
11-019,D13S317,8,9
11-019,D7S820,10,12
11-019,SE33,25.2,26.2
11-019,D10S1248,14,16
11-019,D1S1656,15,17.3
11-019,D12S391,18,20
11-019,D2S1338,19,
11-020,D3S1358,15,
11-020,vWA,14,17
11-020,D16S539,12,
11-020,CSF1PO,12,
11-020,TPOX,8,
11-020,Yindel,2,
11-020,AMEL,X,Y
11-020,D8S1179,10,15
11-020,D21S11,29,30
11-020,D18S51,13,16
11-020,DYS391,10,
11-020,D2S441,10,11
11-020,D19S433,13,13.2
11-020,TH01,9,
11-020,FGA,24,26
11-020,D22S1045,11,18
11-020,D5S818,10,12
11-020,D13S317,11,12
11-020,D7S820,11,12
11-020,SE33,19,27.2
11-020,D10S1248,13,
11-020,D1S1656,15,
11-020,D12S391,19,25
11-020,D2S1338,17,21
11-021,D3S1358,16,18
11-021,vWA,14,17
11-021,D16S539,9,
11-021,CSF1PO,12,13
11-021,TPOX,8,11
11-021,Yindel,1,
11-021,AMEL,X,Y
11-021,D8S1179,13,16
11-021,D21S11,30,32.2
11-021,D18S51,15,18
11-021,DYS391,10,
11-021,D2S441,10,12
11-021,D19S433,13,14
11-021,TH01,6,9
11-021,FGA,19,22
11-021,D22S1045,15,
11-021,D5S818,11,12
11-021,D13S317,8,12
11-021,D7S820,9,12
11-021,SE33,25.2,31.2
11-021,D10S1248,12,13
11-021,D1S1656,15,18.3
11-021,D12S391,19,
11-021,D2S1338,19,20
11-022,D3S1358,15,16
11-022,vWA,15,17
11-022,D16S539,11,12
11-022,CSF1PO,12,
11-022,TPOX,8,
11-022,Yindel,,
11-022,AMEL,X,
11-022,D8S1179,12,13
11-022,D21S11,31,
11-022,D18S51,14,21
11-022,DYS391,,
11-022,D2S441,11,14
11-022,D19S433,14,15.2
11-022,TH01,6,9
11-022,FGA,21,24
11-022,D22S1045,15,16
11-022,D5S818,11,12
11-022,D13S317,12,
11-022,D7S820,10,11
11-022,SE33,18,
11-022,D10S1248,13,14
11-022,D1S1656,15,16
11-022,D12S391,20,22
11-022,D2S1338,25,27
11-023,D3S1358,16,
11-023,vWA,14,19
11-023,D16S539,10,13
11-023,CSF1PO,7,12
11-023,TPOX,11,
11-023,Yindel,2,
11-023,AMEL,X,Y
11-023,D8S1179,14,15
11-023,D21S11,29,30
11-023,D18S51,14,16
11-023,DYS391,11,
11-023,D2S441,10,11
11-023,D19S433,13,14
11-023,TH01,7,8
11-023,FGA,23,24
11-023,D22S1045,15,17
11-023,D5S818,11,12
11-023,D13S317,10,12
11-023,D7S820,8,11
11-023,SE33,15,19
11-023,D10S1248,12,15
11-023,D1S1656,15,
11-023,D12S391,20,21
11-023,D2S1338,17,23
11-024,D3S1358,15,
11-024,vWA,14,18
11-024,D16S539,9,11
11-024,CSF1PO,10,11
11-024,TPOX,8,11
11-024,Yindel,1,
11-024,AMEL,X,Y
11-024,D8S1179,11,16
11-024,D21S11,30,33.2
11-024,D18S51,15,19
11-024,DYS391,10,
11-024,D2S441,12,14
11-024,D19S433,13,14
11-024,TH01,6,7
11-024,FGA,20,21
11-024,D22S1045,11,17
11-024,D5S818,9,10
11-024,D13S317,11,13
11-024,D7S820,9,11
11-024,SE33,21.2,28.2
11-024,D10S1248,13,
11-024,D1S1656,15,16
11-024,D12S391,15,17
11-024,D2S1338,16,19
11-025,D3S1358,16,
11-025,vWA,14,18
11-025,D16S539,9,10
11-025,CSF1PO,9,11
11-025,TPOX,8,11
11-025,Yindel,2,
11-025,AMEL,X,Y
11-025,D8S1179,11,12
11-025,D21S11,30,32.2
11-025,D18S51,14,15
11-025,DYS391,10,
11-025,D2S441,11,14
11-025,D19S433,12,14
11-025,TH01,7,9
11-025,FGA,23,25
11-025,D22S1045,17,18
11-025,D5S818,10,
11-025,D13S317,9,11
11-025,D7S820,10,12
11-025,SE33,19,26.2
11-025,D10S1248,13,15
11-025,D1S1656,14,17
11-025,D12S391,21,
11-025,D2S1338,18,19
11-026,D3S1358,15,
11-026,vWA,17,
11-026,D16S539,9,10
11-026,CSF1PO,11,12
11-026,TPOX,8,11
11-026,Yindel,,
11-026,AMEL,X,
11-026,D8S1179,13,14
11-026,D21S11,29,31
11-026,D18S51,13,15
11-026,DYS391,,
11-026,D2S441,12,
11-026,D19S433,14.2,15.2
11-026,TH01,8,9
11-026,FGA,20,22
11-026,D22S1045,15,
11-026,D5S818,9,
11-026,D13S317,11,15
11-026,D7S820,11,
11-026,SE33,19,27.2
11-026,D10S1248,13,14
11-026,D1S1656,14,16
11-026,D12S391,19,24
11-026,D2S1338,19,
11-027,D3S1358,15,18
11-027,vWA,16,17
11-027,D16S539,9,
11-027,CSF1PO,12,
11-027,TPOX,8,
11-027,Yindel,2,
11-027,AMEL,X,Y
11-027,D8S1179,14,
11-027,D21S11,29,30
11-027,D18S51,15,17
11-027,DYS391,11,
11-027,D2S441,11,
11-027,D19S433,13,14
11-027,TH01,9,
11-027,FGA,23,24
11-027,D22S1045,16,18
11-027,D5S818,10,11
11-027,D13S317,8,9
11-027,D7S820,12,
11-027,SE33,22,30.2
11-027,D10S1248,13,16
11-027,D1S1656,16,
11-027,D12S391,20,21
11-027,D2S1338,19,23
11-028,D3S1358,15,
11-028,vWA,17,
11-028,D16S539,9,10
11-028,CSF1PO,12,
11-028,TPOX,8,
11-028,Yindel,,
11-028,AMEL,X,
11-028,D8S1179,14,15
11-028,D21S11,32.2,33.2
11-028,D18S51,15,16
11-028,DYS391,,
11-028,D2S441,10,
11-028,D19S433,14,
11-028,TH01,9,
11-028,FGA,20,23
11-028,D22S1045,16,17
11-028,D5S818,11,12
11-028,D13S317,9,11
11-028,D7S820,8,11
11-028,SE33,19,23
11-028,D10S1248,15,16
11-028,D1S1656,15,17
11-028,D12S391,17,20
11-028,D2S1338,18,23
11-029,D3S1358,15,17
11-029,vWA,18,
11-029,D16S539,9,10
11-029,CSF1PO,11,12
11-029,TPOX,8,9
11-029,Yindel,,
11-029,AMEL,X,
11-029,D8S1179,13,14
11-029,D21S11,28,29
11-029,D18S51,14,17
11-029,DYS391,,
11-029,D2S441,11,
11-029,D19S433,13,15.2
11-029,TH01,9,
11-029,FGA,22,24
11-029,D22S1045,15,16
11-029,D5S818,10,
11-029,D13S317,8,12
11-029,D7S820,11,
11-029,SE33,18,19
11-029,D10S1248,12,13
11-029,D1S1656,13,16
11-029,D12S391,20,24
11-029,D2S1338,18,22
11-030,D3S1358,15,16
11-030,vWA,16,18
11-030,D16S539,9,12
11-030,CSF1PO,12,
11-030,TPOX,11,12
11-030,Yindel,2,
11-030,AMEL,X,Y
11-030,D8S1179,11,15
11-030,D21S11,29,30
11-030,D18S51,15,16
11-030,DYS391,10,
11-030,D2S441,10,11
11-030,D19S433,14,15.2
11-030,TH01,9,
11-030,FGA,21,
11-030,D22S1045,11,18
11-030,D5S818,10,11
11-030,D13S317,11,12
11-030,D7S820,10,11
11-030,SE33,17,27.2
11-030,D10S1248,13,14
11-030,D1S1656,15,
11-030,D12S391,18,23
11-030,D2S1338,19,20
11-031,D3S1358,15,17
11-031,vWA,16,17
11-031,D16S539,10,12
11-031,CSF1PO,11,
11-031,TPOX,8,11
11-031,Yindel,1,
11-031,AMEL,X,Y
11-031,D8S1179,12,14
11-031,D21S11,30,32.2
11-031,D18S51,15,18
11-031,DYS391,10,
11-031,D2S441,10,
11-031,D19S433,13,15.2
11-031,TH01,6,7
11-031,FGA,20,26
11-031,D22S1045,11,18
11-031,D5S818,8,12
11-031,D13S317,8,11
11-031,D7S820,10,12
11-031,SE33,29.2,31.2
11-031,D10S1248,13,14
11-031,D1S1656,16,18
11-031,D12S391,17,18
11-031,D2S1338,20,21
11-032,D3S1358,16,
11-032,vWA,17,
11-032,D16S539,9,13
11-032,CSF1PO,11,12
11-032,TPOX,8,
11-032,Yindel,2,
11-032,AMEL,X,Y
11-032,D8S1179,11,
11-032,D21S11,29,
11-032,D18S51,19,21
11-032,DYS391,10,
11-032,D2S441,11,13
11-032,D19S433,14,
11-032,TH01,6,9
11-032,FGA,20,22
11-032,D22S1045,15,16
11-032,D5S818,10,14
11-032,D13S317,9,10
11-032,D7S820,11,13
11-032,SE33,26.2,27.2
11-032,D10S1248,13,15
11-032,D1S1656,15,16
11-032,D12S391,21,23
11-032,D2S1338,16,20
11-033,D3S1358,15,
11-033,vWA,14,18
11-033,D16S539,12,
11-033,CSF1PO,12,13
11-033,TPOX,8,
11-033,Yindel,1,
11-033,AMEL,X,Y
11-033,D8S1179,10,13
11-033,D21S11,29,31
11-033,D18S51,13,14
11-033,DYS391,10,
11-033,D2S441,10,11
11-033,D19S433,15.2,18
11-033,TH01,6,7
11-033,FGA,22,24
11-033,D22S1045,11,
11-033,D5S818,10,12
11-033,D13S317,11,12
11-033,D7S820,8,10
11-033,SE33,16,18
11-033,D10S1248,13,16
11-033,D1S1656,17.3,
11-033,D12S391,20,21
11-033,D2S1338,19,
11-034,D3S1358,15,
11-034,vWA,14,20
11-034,D16S539,9,12
11-034,CSF1PO,10,12
11-034,TPOX,8,11
11-034,Yindel,2,
11-034,AMEL,X,Y
11-034,D8S1179,14,
11-034,D21S11,30,31.2
11-034,D18S51,12,14
11-034,DYS391,10,
11-034,D2S441,10,11.3
11-034,D19S433,14,15.2
11-034,TH01,9.3,10
11-034,FGA,22,24
11-034,D22S1045,16,17
11-034,D5S818,10,11
11-034,D13S317,8,12
11-034,D7S820,8,11
11-034,SE33,19,29.2
11-034,D10S1248,12,13
11-034,D1S1656,17.3,18.3
11-034,D12S391,18,27
11-034,D2S1338,19,27
11-035,D3S1358,16,17
11-035,vWA,17,18
11-035,D16S539,10,12
11-035,CSF1PO,11,12
11-035,TPOX,8,11
11-035,Yindel,,
11-035,AMEL,X,
11-035,D8S1179,12,15
11-035,D21S11,29,31.2
11-035,D18S51,15,17
11-035,DYS391,,
11-035,D2S441,11,
11-035,D19S433,13,
11-035,TH01,8,9.3
11-035,FGA,20,25.2
11-035,D22S1045,11,15
11-035,D5S818,10,11
11-035,D13S317,8,10
11-035,D7S820,10,11
11-035,SE33,18,27.2
11-035,D10S1248,12,15
11-035,D1S1656,15,16
11-035,D12S391,15,18
11-035,D2S1338,21,25
11-036,D3S1358,15,17
11-036,vWA,17,19
11-036,D16S539,9,10
11-036,CSF1PO,10,12
11-036,TPOX,8,11
11-036,Yindel,2,
11-036,AMEL,X,Y
11-036,D8S1179,12,13
11-036,D21S11,28,32.2
11-036,D18S51,14,
11-036,DYS391,10,
11-036,D2S441,10,11
11-036,D19S433,13,14
11-036,TH01,7,
11-036,FGA,22,24
11-036,D22S1045,11,15
11-036,D5S818,11,
11-036,D13S317,8,11
11-036,D7S820,8,11
11-036,SE33,24.2,29.2
11-036,D10S1248,14,15
11-036,D1S1656,16,
11-036,D12S391,19,21
11-036,D2S1338,19,
11-037,D3S1358,15,16
11-037,vWA,14,17
11-037,D16S539,9,
11-037,CSF1PO,11,12
11-037,TPOX,8,
11-037,Yindel,,
11-037,AMEL,X,
11-037,D8S1179,13,14
11-037,D21S11,30,31.2
11-037,D18S51,13,15
11-037,DYS391,,
11-037,D2S441,12,13
11-037,D19S433,14,15
11-037,TH01,9,10
11-037,FGA,20,22
11-037,D22S1045,11,18
11-037,D5S818,10,12
11-037,D13S317,9,12
11-037,D7S820,8,12
11-037,SE33,21,30.2
11-037,D10S1248,12,14
11-037,D1S1656,15,17
11-037,D12S391,19,20
11-037,D2S1338,20,23
11-038,D3S1358,16,17
11-038,vWA,17,18
11-038,D16S539,9,
11-038,CSF1PO,10,
11-038,TPOX,8,
11-038,Yindel,1,
11-038,AMEL,X,Y
11-038,D8S1179,11,14
11-038,D21S11,28,32.2
11-038,D18S51,13,20
11-038,DYS391,11,
11-038,D2S441,11,13
11-038,D19S433,13,
11-038,TH01,6,9
11-038,FGA,22,23
11-038,D22S1045,16,
11-038,D5S818,9,11
11-038,D13S317,11,
11-038,D7S820,11,12
11-038,SE33,21,25.2
11-038,D10S1248,14,15
11-038,D1S1656,15,16
11-038,D12S391,19,
11-038,D2S1338,19,20
11-039,D3S1358,15,
11-039,vWA,14,17
11-039,D16S539,9,12
11-039,CSF1PO,11,12
11-039,TPOX,11,
11-039,Yindel,2,
11-039,AMEL,X,Y
11-039,D8S1179,11,12
11-039,D21S11,31,33.2
11-039,D18S51,13,15
11-039,DYS391,10,
11-039,D2S441,10,11
11-039,D19S433,14,15.2
11-039,TH01,6,
11-039,FGA,20,23
11-039,D22S1045,11,16
11-039,D5S818,10,12
11-039,D13S317,11,13
11-039,D7S820,8,11
11-039,SE33,22.2,25.2
11-039,D10S1248,13,16
11-039,D1S1656,13,14
11-039,D12S391,18,20
11-039,D2S1338,19,23
11-040,D3S1358,15,
11-040,vWA,14,
11-040,D16S539,9,11
11-040,CSF1PO,12,
11-040,TPOX,11,
11-040,Yindel,2,
11-040,AMEL,X,Y
11-040,D8S1179,11,16
11-040,D21S11,30,32.2
11-040,D18S51,14,15
11-040,DYS391,10,
11-040,D2S441,11,
11-040,D19S433,13,13.2
11-040,TH01,9,
11-040,FGA,22,25.2
11-040,D22S1045,16,17
11-040,D5S818,11,
11-040,D13S317,8,13
11-040,D7S820,12,
11-040,SE33,19,22
11-040,D10S1248,13,
11-040,D1S1656,15,17
11-040,D12S391,18,
11-040,D2S1338,20,24
11-041,D3S1358,16,17
11-041,vWA,14,17
11-041,D16S539,9,12
11-041,CSF1PO,10,12
11-041,TPOX,8,11
11-041,Yindel,1,
11-041,AMEL,X,Y
11-041,D8S1179,12,13
11-041,D21S11,29,30
11-041,D18S51,14,17
11-041,DYS391,10,
11-041,D2S441,10,12
11-041,D19S433,13,14
11-041,TH01,6,9.3
11-041,FGA,19,24
11-041,D22S1045,11,13
11-041,D5S818,12,
11-041,D13S317,8,9
11-041,D7S820,10,12
11-041,SE33,25.2,29.2
11-041,D10S1248,12,14
11-041,D1S1656,15,16
11-041,D12S391,19,20
11-041,D2S1338,18,22
11-042,D3S1358,15,16
11-042,vWA,14,18
11-042,D16S539,10,
11-042,CSF1PO,10,
11-042,TPOX,8,
11-042,Yindel,1,
11-042,AMEL,X,Y
11-042,D8S1179,11,14
11-042,D21S11,28,30
11-042,D18S51,13,14
11-042,DYS391,10,
11-042,D2S441,9.1,10
11-042,D19S433,13,14
11-042,TH01,9,
11-042,FGA,23,24
11-042,D22S1045,15,18
11-042,D5S818,10,11
11-042,D13S317,12,
11-042,D7S820,9,12
11-042,SE33,18,24.2
11-042,D10S1248,14,
11-042,D1S1656,15,17
11-042,D12S391,16,19
11-042,D2S1338,18,19
11-043,D3S1358,16,17
11-043,vWA,17,
11-043,D16S539,9,11
11-043,CSF1PO,11,12
11-043,TPOX,8,9
11-043,Yindel,1,
11-043,AMEL,X,Y
11-043,D8S1179,10,13
11-043,D21S11,30,31.2
11-043,D18S51,12,14
11-043,DYS391,11,
11-043,D2S441,11,
11-043,D19S433,12,14
11-043,TH01,7,
11-043,FGA,21,28
11-043,D22S1045,11,
11-043,D5S818,9,10
11-043,D13S317,8,12
11-043,D7S820,8,12
11-043,SE33,18,21.2
11-043,D10S1248,14,16
11-043,D1S1656,15,18.3
11-043,D12S391,19,20
11-043,D2S1338,18,24
11-044,D3S1358,15,16
11-044,vWA,16,18
11-044,D16S539,10,
11-044,CSF1PO,7,12
11-044,TPOX,8,9
11-044,Yindel,2,
11-044,AMEL,X,Y
11-044,D8S1179,10,15
11-044,D21S11,29,31.2
11-044,D18S51,15,16
11-044,DYS391,10,
11-044,D2S441,11,13
11-044,D19S433,12,14
11-044,TH01,6,
11-044,FGA,20,22
11-044,D22S1045,11,17
11-044,D5S818,12,
11-044,D13S317,9,12
11-044,D7S820,8,
11-044,SE33,19,31.2
11-044,D10S1248,12,13
11-044,D1S1656,15,
11-044,D12S391,19,20
11-044,D2S1338,18,19
11-045,D3S1358,15,17
11-045,vWA,16,18
11-045,D16S539,9,12
11-045,CSF1PO,10,12
11-045,TPOX,8,9
11-045,Yindel,2,
11-045,AMEL,X,Y
11-045,D8S1179,14,15
11-045,D21S11,30,31.2
11-045,D18S51,13,18
11-045,DYS391,10,
11-045,D2S441,10,11
11-045,D19S433,14,
11-045,TH01,6,
11-045,FGA,21,23
11-045,D22S1045,15,
11-045,D5S818,12,13
11-045,D13S317,8,11
11-045,D7S820,11,12
11-045,SE33,25.2,28.2
11-045,D10S1248,13,14
11-045,D1S1656,14,18.3
11-045,D12S391,17,24
11-045,D2S1338,23,24
11-046,D3S1358,15,17
11-046,vWA,18,20
11-046,D16S539,10,
11-046,CSF1PO,10,12
11-046,TPOX,10,11
11-046,Yindel,1,
11-046,AMEL,X,Y
11-046,D8S1179,11,15
11-046,D21S11,29,30
11-046,D18S51,14,16
11-046,DYS391,10,
11-046,D2S441,11,
11-046,D19S433,13,14
11-046,TH01,7,9
11-046,FGA,19,23
11-046,D22S1045,16,
11-046,D5S818,9,11
11-046,D13S317,10,
11-046,D7S820,8,10
11-046,SE33,18,27.2
11-046,D10S1248,12,
11-046,D1S1656,11,18.3
11-046,D12S391,18,20
11-046,D2S1338,20,23
11-047,D3S1358,15,17
11-047,vWA,14,17
11-047,D16S539,9,11
11-047,CSF1PO,10,12
11-047,TPOX,8,11
11-047,Yindel,2,
11-047,AMEL,X,Y
11-047,D8S1179,12,14
11-047,D21S11,29,30
11-047,D18S51,15,17
11-047,DYS391,10,
11-047,D2S441,8,12
11-047,D19S433,12,14
11-047,TH01,6,
11-047,FGA,20,21
11-047,D22S1045,15,16
11-047,D5S818,10,11
11-047,D13S317,10,12
11-047,D7S820,9,10
11-047,SE33,26.2,29.2
11-047,D10S1248,14,15
11-047,D1S1656,13,17
11-047,D12S391,17,21
11-047,D2S1338,18,20
11-048,D3S1358,16,17
11-048,vWA,14,18
11-048,D16S539,9,
11-048,CSF1PO,10,
11-048,TPOX,11,
11-048,Yindel,2,
11-048,AMEL,X,Y
11-048,D8S1179,10,16
11-048,D21S11,30,31
11-048,D18S51,13,16
11-048,DYS391,10,
11-048,D2S441,9.1,12
11-048,D19S433,13,14
11-048,TH01,7,9.3
11-048,FGA,20,21
11-048,D22S1045,11,15
11-048,D5S818,10,13
11-048,D13S317,12,14
11-048,D7S820,10,12
11-048,SE33,23.2,24.2
11-048,D10S1248,12,13
11-048,D1S1656,16,17
11-048,D12S391,16,17
11-048,D2S1338,20,24
11-049,D3S1358,16,17
11-049,vWA,14,18
11-049,D16S539,11,13
11-049,CSF1PO,12,
11-049,TPOX,8,9
11-049,Yindel,1,
11-049,AMEL,X,Y
11-049,D8S1179,10,13
11-049,D21S11,32.2,
11-049,D18S51,13,
11-049,DYS391,10,
11-049,D2S441,10,13
11-049,D19S433,14,
11-049,TH01,6,8
11-049,FGA,22,
11-049,D22S1045,15,16
11-049,D5S818,10,12
11-049,D13S317,9,12
11-049,D7S820,10,11
11-049,SE33,22,25.2
11-049,D10S1248,13,
11-049,D1S1656,15,17
11-049,D12S391,20,22
11-049,D2S1338,22,24
11-050,D3S1358,15,16
11-050,vWA,15,16
11-050,D16S539,9,12
11-050,CSF1PO,10,12
11-050,TPOX,8,10
11-050,Yindel,2,
11-050,AMEL,X,Y
11-050,D8S1179,11,16
11-050,D21S11,29,30
11-050,D18S51,15,16
11-050,DYS391,10,
11-050,D2S441,10,14
11-050,D19S433,14,
11-050,TH01,9,
11-050,FGA,19,22
11-050,D22S1045,15,17
11-050,D5S818,11,13
11-050,D13S317,8,9
11-050,D7S820,11,
11-050,SE33,29.2,30.2
11-050,D10S1248,14,
11-050,D1S1656,16,18.3
11-050,D12S391,18,19
11-050,D2S1338,19,26
